502, ItemKNN, 0.0, 1.2043868967777913
502, ItemKNN, 0.2, 1.3224606892547703
502, ItemKNN, 0.4, 1.3655725472526394
502, ItemKNN, 0.6, 1.509749397146499
502, ItemKNN, 0.8, 1.609641440718367
502, ItemKNN, 1.0, 1.5829230568174748
501, ItemKNN, 0.0, 1.2914361588820673
501, ItemKNN, 0.2, 1.3159992925611212
501, ItemKNN, 0.4, 1.4372344123150198
501, ItemKNN, 0.6, 1.5597058572332856
501, ItemKNN, 0.8, 1.562151009979785
501, ItemKNN, 1.0, 1.6513517858595417
504, ItemKNN, 0.0, 1.2626166249964448
504, ItemKNN, 0.2, 1.3380432133858047
504, ItemKNN, 0.4, 1.4367762410636746
504, ItemKNN, 0.6, 1.5291501805015257
504, ItemKNN, 0.8, 1.5914716291874627
504, ItemKNN, 1.0, 1.6473366352621137
503, ItemKNN, 0.0, 1.2756068368782727
503, ItemKNN, 0.2, 1.3233798154629242
503, ItemKNN, 0.4, 1.4362209002239446
503, ItemKNN, 0.6, 1.5652757443422773
503, ItemKNN, 0.8, 1.6051390640993912
503, ItemKNN, 1.0, 1.5862155879163804
500, ItemKNN, 0.0, 1.235674388785968
500, ItemKNN, 0.2, 1.3726899192032005
500, ItemKNN, 0.4, 1.4581936512469813
500, ItemKNN, 0.6, 1.4846765689017174
500, ItemKNN, 0.8, 1.5190301785443783
500, ItemKNN, 1.0, 1.618484861472137
502, Neural_BPRMF, 0.0, 1.2043868967777913
502, Neural_BPRMF, 0.2, 1.3156278810682753
502, Neural_BPRMF, 0.4, 1.306711434514577
502, Neural_BPRMF, 0.6, 1.3452714220255182
502, Neural_BPRMF, 0.8, 1.3600172811877338
502, Neural_BPRMF, 1.0, 1.246715213653686
504, Neural_BPRMF, 0.0, 1.2626166249964448
504, Neural_BPRMF, 0.2, 1.332148542384906
504, Neural_BPRMF, 0.4, 1.3693877420773264
504, Neural_BPRMF, 0.6, 1.3603664584168709
504, Neural_BPRMF, 0.8, 1.3728148112133514
504, Neural_BPRMF, 1.0, 1.218549583286824
502, LightGCN, 0.0, 1.2043868967777913
502, LightGCN, 0.2, 1.301547541700049
502, LightGCN, 0.4, 1.2620676873406795
502, LightGCN, 0.6, 1.2824374889613683
502, LightGCN, 0.8, 1.299644483792351
502, LightGCN, 1.0, 1.2189518449635504
501, Neural_BPRMF, 0.0, 1.2914361588820673
501, Neural_BPRMF, 0.2, 1.3171936387656606
501, Neural_BPRMF, 0.4, 1.3331256692242883
501, Neural_BPRMF, 0.6, 1.4117683836854957
501, Neural_BPRMF, 0.8, 1.3183311746638637
501, Neural_BPRMF, 1.0, 1.2574152656566473
500, LightGCN, 0.0, 1.235674388785968
500, LightGCN, 0.2, 1.3375381097484458
500, LightGCN, 0.4, 1.3116934161734273
500, LightGCN, 0.6, 1.3349168273828844
500, LightGCN, 0.8, 1.3039681245060137
500, LightGCN, 1.0, 1.2890250396268985
500, Neural_BPRMF, 0.0, 1.235674388785968
500, Neural_BPRMF, 0.2, 1.3652201329544953
500, Neural_BPRMF, 0.4, 1.3655589882645949
500, Neural_BPRMF, 0.6, 1.3779726935746754
500, Neural_BPRMF, 0.8, 1.3250436949684785
500, Neural_BPRMF, 1.0, 1.3041806311173552
501, UserKNN, 0.0, 1.2914361588820673
501, UserKNN, 0.2, 1.2324244370602135
501, UserKNN, 0.4, 1.173620576647051
501, UserKNN, 0.6, 1.2169088881296664
501, UserKNN, 0.8, 1.1511778998336164
501, UserKNN, 1.0, 1.0816219708262835
503, LightGCN, 0.0, 1.2756068368782727
503, LightGCN, 0.2, 1.2906051371560083
503, LightGCN, 0.4, 1.358468563457218
503, LightGCN, 0.6, 1.3214423339992734
503, LightGCN, 0.8, 1.338747376904985
503, LightGCN, 1.0, 1.266843786539033
504, LightGCN, 0.0, 1.2626166249964448
504, LightGCN, 0.2, 1.3211980654544104
504, LightGCN, 0.4, 1.2877914813896623
504, LightGCN, 0.6, 1.281750432098548
504, LightGCN, 0.8, 1.3225261390832908
504, LightGCN, 1.0, 1.2512444951533026
500, UserKNN, 0.0, 1.235674388785968
500, UserKNN, 0.2, 1.269701154683143
500, UserKNN, 0.4, 1.2007731696767576
500, UserKNN, 0.6, 1.156055795958467
500, UserKNN, 0.8, 1.1159574496881066
500, UserKNN, 1.0, 1.0894146674021739
503, Neural_BPRMF, 0.0, 1.2756068368782727
503, Neural_BPRMF, 0.2, 1.3003999273466202
503, Neural_BPRMF, 0.4, 1.3846178471151103
503, Neural_BPRMF, 0.6, 1.364641559033747
503, Neural_BPRMF, 0.8, 1.3700722878176927
503, Neural_BPRMF, 1.0, 1.292811359244681
503, UserKNN, 0.0, 1.2756068368782727
503, UserKNN, 0.2, 1.208287113296064
503, UserKNN, 0.4, 1.27143695089777
503, UserKNN, 0.6, 1.2275004975444364
503, UserKNN, 0.8, 1.1562822895507463
503, UserKNN, 1.0, 1.0915452794036244
504, UserKNN, 0.0, 1.2626166249964448
504, UserKNN, 0.2, 1.2672054254627885
504, UserKNN, 0.4, 1.2210083245988905
504, UserKNN, 0.6, 1.2043731412264431
504, UserKNN, 0.8, 1.146517031864057
504, UserKNN, 1.0, 1.0741063116594673
501, LightGCN, 0.0, 1.2914361588820673
501, LightGCN, 0.2, 1.2941610365249947
501, LightGCN, 0.4, 1.2979894847158413
501, LightGCN, 0.6, 1.3362305311752518
501, LightGCN, 0.8, 1.3465206599833432
501, LightGCN, 1.0, 1.251746611008376
502, UserKNN, 0.0, 1.2043868967777913
502, UserKNN, 0.2, 1.244158166143007
502, UserKNN, 0.4, 1.1610538299650162
502, UserKNN, 0.6, 1.2187224443622584
502, UserKNN, 0.8, 1.1686916423684444
502, UserKNN, 1.0, 1.0546256697855239
500, MF, 0.0, 1.235674388785968
500, MF, 0.2, 1.2018271141061994
500, MF, 0.4, 1.06852121907823
500, MF, 0.6, 0.8892598772047982
500, MF, 0.8, 0.7187779792544419
500, MF, 1.0, 0.5947010822243023
502, MF, 0.0, 1.2043868967777913
502, MF, 0.2, 1.189556689306063
502, MF, 0.4, 1.0415175057415273
502, MF, 0.6, 0.9177993825614761
502, MF, 0.8, 0.7447021282901882
502, MF, 1.0, 0.6025845891144042
500, MultiVAE, 0.0, 1.235674388785968
500, MultiVAE, 0.2, 1.2573555640894214
500, MultiVAE, 0.4, 1.0618539947570143
500, MultiVAE, 0.6, 0.8701075911056089
500, MultiVAE, 0.8, 0.6982369012158703
500, MultiVAE, 1.0, 0.48779255844453895
504, MultiVAE, 0.0, 1.2626166249964448
504, MultiVAE, 0.2, 1.2031768457246754
504, MultiVAE, 0.4, 1.0714062023282376
504, MultiVAE, 0.6, 0.8783748518224048
504, MultiVAE, 0.8, 0.6877491789330191
504, MultiVAE, 1.0, 0.4866955908564312
501, MF, 0.0, 1.2914361588820673
501, MF, 0.2, 1.185001601200464
501, MF, 0.4, 1.0737608156216127
501, MF, 0.6, 0.899188219144152
501, MF, 0.8, 0.739281605606314
501, MF, 1.0, 0.5440530552254308
501, MultiVAE, 0.0, 1.2914361588820673
501, MultiVAE, 0.2, 1.2177310233909346
501, MultiVAE, 0.4, 1.041337411243545
501, MultiVAE, 0.6, 0.8800043854619777
501, MultiVAE, 0.8, 0.6704715226591029
501, MultiVAE, 1.0, 0.4966503292264815
503, MF, 0.0, 1.2756068368782727
503, MF, 0.2, 1.2172597897165789
503, MF, 0.4, 1.0726463484592967
503, MF, 0.6, 0.8977077657065767
503, MF, 0.8, 0.7249783516784191
503, MF, 1.0, 0.5698312661327003
502, MultiVAE, 0.0, 1.2043868967777913
502, MultiVAE, 0.2, 1.2183227920974289
502, MultiVAE, 0.4, 1.036113107567509
502, MultiVAE, 0.6, 0.877981026325868
502, MultiVAE, 0.8, 0.7025020641477528
502, MultiVAE, 1.0, 0.47329858893696247
504, MF, 0.0, 1.2626166249964448
504, MF, 0.2, 1.1880605003790938
504, MF, 0.4, 1.0341179130212126
504, MF, 0.6, 0.9047859559219568
504, MF, 0.8, 0.7393368946574597
504, MF, 1.0, 0.5555240873195423
503, MultiVAE, 0.0, 1.2756068368782727
503, MultiVAE, 0.2, 1.245523459555652
503, MultiVAE, 0.4, 1.0727698925802316
503, MultiVAE, 0.6, 0.852810028082427
503, MultiVAE, 0.8, 0.6369298277418814
503, MultiVAE, 1.0, 0.4206160713774437
