502, ItemKNN, 0.0 , 837
502, ItemKNN, 0.2 , 848
502, ItemKNN, 0.4 , 840
502, ItemKNN, 0.6 , 851
502, ItemKNN, 0.8 , 835
502, ItemKNN, 1.0 , 827
501, ItemKNN, 0.0 , 843
501, ItemKNN, 0.2 , 842
501, ItemKNN, 0.4 , 853
501, ItemKNN, 0.6 , 842
501, ItemKNN, 0.8 , 844
501, ItemKNN, 1.0 , 849
504, ItemKNN, 0.0 , 824
504, ItemKNN, 0.2 , 842
504, ItemKNN, 0.4 , 841
504, ItemKNN, 0.6 , 822
504, ItemKNN, 0.8 , 831
504, ItemKNN, 1.0 , 840
503, ItemKNN, 0.0 , 843
503, ItemKNN, 0.2 , 839
503, ItemKNN, 0.4 , 837
503, ItemKNN, 0.6 , 840
503, ItemKNN, 0.8 , 840
503, ItemKNN, 1.0 , 848
500, ItemKNN, 0.0 , 848
500, ItemKNN, 0.2 , 834
500, ItemKNN, 0.4 , 847
500, ItemKNN, 0.6 , 833
500, ItemKNN, 0.8 , 840
500, ItemKNN, 1.0 , 846
502, Neural_BPRMF, 0.0 , 837
502, Neural_BPRMF, 0.2 , 857
502, Neural_BPRMF, 0.4 , 863
502, Neural_BPRMF, 0.6 , 869
502, Neural_BPRMF, 0.8 , 873
502, Neural_BPRMF, 1.0 , 868
504, Neural_BPRMF, 0.0 , 824
504, Neural_BPRMF, 0.2 , 849
504, Neural_BPRMF, 0.4 , 844
504, Neural_BPRMF, 0.6 , 868
504, Neural_BPRMF, 0.8 , 866
504, Neural_BPRMF, 1.0 , 870
502, LightGCN, 0.0 , 837
502, LightGCN, 0.2 , 852
502, LightGCN, 0.4 , 860
502, LightGCN, 0.6 , 869
502, LightGCN, 0.8 , 874
502, LightGCN, 1.0 , 868
501, Neural_BPRMF, 0.0 , 843
501, Neural_BPRMF, 0.2 , 853
501, Neural_BPRMF, 0.4 , 861
501, Neural_BPRMF, 0.6 , 871
501, Neural_BPRMF, 0.8 , 867
501, Neural_BPRMF, 1.0 , 877
500, LightGCN, 0.0 , 848
500, LightGCN, 0.2 , 849
500, LightGCN, 0.4 , 859
500, LightGCN, 0.6 , 860
500, LightGCN, 0.8 , 863
500, LightGCN, 1.0 , 880
500, Neural_BPRMF, 0.0 , 848
500, Neural_BPRMF, 0.2 , 854
500, Neural_BPRMF, 0.4 , 860
500, Neural_BPRMF, 0.6 , 862
500, Neural_BPRMF, 0.8 , 872
500, Neural_BPRMF, 1.0 , 875
501, UserKNN, 0.0 , 843
501, UserKNN, 0.2 , 867
501, UserKNN, 0.4 , 867
501, UserKNN, 0.6 , 876
501, UserKNN, 0.8 , 883
501, UserKNN, 1.0 , 893
503, LightGCN, 0.0 , 843
503, LightGCN, 0.2 , 842
503, LightGCN, 0.4 , 850
503, LightGCN, 0.6 , 866
503, LightGCN, 0.8 , 863
503, LightGCN, 1.0 , 880
504, LightGCN, 0.0 , 824
504, LightGCN, 0.2 , 852
504, LightGCN, 0.4 , 855
504, LightGCN, 0.6 , 851
504, LightGCN, 0.8 , 859
504, LightGCN, 1.0 , 881
500, UserKNN, 0.0 , 848
500, UserKNN, 0.2 , 853
500, UserKNN, 0.4 , 864
500, UserKNN, 0.6 , 881
500, UserKNN, 0.8 , 882
500, UserKNN, 1.0 , 892
503, Neural_BPRMF, 0.0 , 843
503, Neural_BPRMF, 0.2 , 846
503, Neural_BPRMF, 0.4 , 839
503, Neural_BPRMF, 0.6 , 862
503, Neural_BPRMF, 0.8 , 863
503, Neural_BPRMF, 1.0 , 880
503, UserKNN, 0.0 , 843
503, UserKNN, 0.2 , 862
503, UserKNN, 0.4 , 856
503, UserKNN, 0.6 , 878
503, UserKNN, 0.8 , 879
503, UserKNN, 1.0 , 894
504, UserKNN, 0.0 , 824
504, UserKNN, 0.2 , 850
504, UserKNN, 0.4 , 859
504, UserKNN, 0.6 , 879
504, UserKNN, 0.8 , 873
504, UserKNN, 1.0 , 886
501, LightGCN, 0.0 , 843
501, LightGCN, 0.2 , 855
501, LightGCN, 0.4 , 850
501, LightGCN, 0.6 , 857
501, LightGCN, 0.8 , 864
501, LightGCN, 1.0 , 873
502, UserKNN, 0.0 , 837
502, UserKNN, 0.2 , 855
502, UserKNN, 0.4 , 875
502, UserKNN, 0.6 , 886
502, UserKNN, 0.8 , 885
502, UserKNN, 1.0 , 885
500, MF, 0.0 , 848
500, MF, 0.2 , 869
500, MF, 0.4 , 898
500, MF, 0.6 , 914
500, MF, 0.8 , 919
500, MF, 1.0 , 932
502, MF, 0.0 , 837
502, MF, 0.2 , 883
502, MF, 0.4 , 903
502, MF, 0.6 , 916
502, MF, 0.8 , 922
502, MF, 1.0 , 924
500, MultiVAE, 0.0 , 848
500, MultiVAE, 0.2 , 886
500, MultiVAE, 0.4 , 899
500, MultiVAE, 0.6 , 919
500, MultiVAE, 0.8 , 924
500, MultiVAE, 1.0 , 933
504, MultiVAE, 0.0 , 824
504, MultiVAE, 0.2 , 879
504, MultiVAE, 0.4 , 901
504, MultiVAE, 0.6 , 916
504, MultiVAE, 0.8 , 924
504, MultiVAE, 1.0 , 926
501, MF, 0.0 , 843
501, MF, 0.2 , 885
501, MF, 0.4 , 911
501, MF, 0.6 , 919
501, MF, 0.8 , 927
501, MF, 1.0 , 929
501, MultiVAE, 0.0 , 843
501, MultiVAE, 0.2 , 885
501, MultiVAE, 0.4 , 904
501, MultiVAE, 0.6 , 924
501, MultiVAE, 0.8 , 925
501, MultiVAE, 1.0 , 930
503, MF, 0.0 , 843
503, MF, 0.2 , 885
503, MF, 0.4 , 897
503, MF, 0.6 , 917
503, MF, 0.8 , 922
503, MF, 1.0 , 924
502, MultiVAE, 0.0 , 837
502, MultiVAE, 0.2 , 891
502, MultiVAE, 0.4 , 920
502, MultiVAE, 0.6 , 922
502, MultiVAE, 0.8 , 924
502, MultiVAE, 1.0 , 925
504, MF, 0.0 , 824
504, MF, 0.2 , 881
504, MF, 0.4 , 887
504, MF, 0.6 , 915
504, MF, 0.8 , 920
504, MF, 1.0 , 926
503, MultiVAE, 0.0 , 843
503, MultiVAE, 0.2 , 885
503, MultiVAE, 0.4 , 912
503, MultiVAE, 0.6 , 923
503, MultiVAE, 0.8 , 923
503, MultiVAE, 1.0 , 921
