502, ItemKNN, 0.0, 0.952
502, ItemKNN, 0.2, 0.886
502, ItemKNN, 0.4, 0.771
502, ItemKNN, 0.6, 0.705
502, ItemKNN, 0.8, 0.724
502, ItemKNN, 1.0, 0.819
501, ItemKNN, 0.0, 0.943
501, ItemKNN, 0.2, 0.829
501, ItemKNN, 0.4, 0.810
501, ItemKNN, 0.6, 0.695
501, ItemKNN, 0.8, 0.819
501, ItemKNN, 1.0, 0.648
504, ItemKNN, 0.0, 0.876
504, ItemKNN, 0.2, 0.752
504, ItemKNN, 0.4, 0.724
504, ItemKNN, 0.6, 0.676
504, ItemKNN, 0.8, 0.676
504, ItemKNN, 1.0, 0.733
503, ItemKNN, 0.0, 0.933
503, ItemKNN, 0.2, 0.848
503, ItemKNN, 0.4, 0.781
503, ItemKNN, 0.6, 0.743
503, ItemKNN, 0.8, 0.676
503, ItemKNN, 1.0, 0.619
500, ItemKNN, 0.0, 0.914
500, ItemKNN, 0.2, 0.838
500, ItemKNN, 0.4, 0.762
500, ItemKNN, 0.6, 0.610
500, ItemKNN, 0.8, 0.695
500, ItemKNN, 1.0, 0.781
502, Neural_BPRMF, 0.0, 0.952
502, Neural_BPRMF, 0.2, 0.914
502, Neural_BPRMF, 0.4, 0.905
502, Neural_BPRMF, 0.6, 0.857
502, Neural_BPRMF, 0.8, 0.857
502, Neural_BPRMF, 1.0, 0.819
504, Neural_BPRMF, 0.0, 0.876
504, Neural_BPRMF, 0.2, 0.857
504, Neural_BPRMF, 0.4, 0.771
504, Neural_BPRMF, 0.6, 0.838
504, Neural_BPRMF, 0.8, 0.829
502, LightGCN, 0.0, 0.952
504, Neural_BPRMF, 1.0, 0.857
502, LightGCN, 0.2, 0.962
502, LightGCN, 0.4, 0.867
502, LightGCN, 0.6, 0.886
502, LightGCN, 0.8, 0.838
502, LightGCN, 1.0, 0.981
501, Neural_BPRMF, 0.0, 0.943
501, Neural_BPRMF, 0.2, 0.943
501, Neural_BPRMF, 0.4, 0.800
501, Neural_BPRMF, 0.6, 0.829
501, Neural_BPRMF, 0.8, 0.762
501, Neural_BPRMF, 1.0, 0.867
500, LightGCN, 0.0, 0.914
500, LightGCN, 0.2, 0.848
500, LightGCN, 0.4, 0.838
500, LightGCN, 0.6, 0.762
500, LightGCN, 0.8, 0.867
500, LightGCN, 1.0, 0.914
500, Neural_BPRMF, 0.0, 0.914
500, Neural_BPRMF, 0.2, 0.733
500, Neural_BPRMF, 0.4, 0.895
500, Neural_BPRMF, 0.6, 0.790
500, Neural_BPRMF, 0.8, 0.800
500, Neural_BPRMF, 1.0, 0.867
501, UserKNN, 0.0, 0.943
501, UserKNN, 0.2, 0.952
501, UserKNN, 0.4, 0.905
501, UserKNN, 0.6, 0.943
503, LightGCN, 0.0, 0.933
501, UserKNN, 0.8, 0.981
503, LightGCN, 0.2, 0.895
501, UserKNN, 1.0, 0.990
503, LightGCN, 0.4, 0.810
503, LightGCN, 0.6, 0.829
503, LightGCN, 0.8, 0.848
503, LightGCN, 1.0, 0.867
504, LightGCN, 0.0, 0.876
504, LightGCN, 0.2, 0.848
504, LightGCN, 0.4, 0.848
504, LightGCN, 0.6, 0.943
504, LightGCN, 0.8, 0.848
504, LightGCN, 1.0, 0.848
500, UserKNN, 0.0, 0.914
500, UserKNN, 0.2, 0.933
500, UserKNN, 0.4, 0.962
500, UserKNN, 0.6, 0.962
500, UserKNN, 0.8, 0.924
500, UserKNN, 1.0, 1.000
503, Neural_BPRMF, 0.0, 0.933
503, Neural_BPRMF, 0.2, 0.876
503, Neural_BPRMF, 0.4, 0.781
503, Neural_BPRMF, 0.6, 0.857
503, UserKNN, 0.0, 0.933
503, Neural_BPRMF, 0.8, 0.886
503, Neural_BPRMF, 1.0, 0.886
503, UserKNN, 0.2, 0.886
503, UserKNN, 0.4, 0.933
503, UserKNN, 0.6, 0.952
503, UserKNN, 0.8, 0.962
503, UserKNN, 1.0, 0.971
504, UserKNN, 0.0, 0.876
504, UserKNN, 0.2, 0.905
504, UserKNN, 0.4, 0.943
504, UserKNN, 0.6, 0.952
504, UserKNN, 0.8, 0.924
504, UserKNN, 1.0, 0.981
501, LightGCN, 0.0, 0.943
501, LightGCN, 0.2, 0.943
501, LightGCN, 0.4, 0.914
501, LightGCN, 0.6, 0.867
501, LightGCN, 0.8, 0.886
501, LightGCN, 1.0, 0.924
502, UserKNN, 0.0, 0.952
502, UserKNN, 0.2, 0.952
502, UserKNN, 0.4, 0.914
502, UserKNN, 0.6, 0.952
502, UserKNN, 0.8, 1.000
502, UserKNN, 1.0, 0.962
500, MF, 0.0, 0.914
500, MF, 0.2, 0.867
500, MF, 0.4, 0.895
500, MF, 0.6, 0.952
500, MF, 0.8, 0.981
500, MF, 1.0, 1.000
502, MF, 0.0, 0.952
502, MF, 0.2, 0.819
502, MF, 0.4, 0.886
502, MF, 0.6, 0.886
502, MF, 0.8, 0.962
502, MF, 1.0, 1.000
500, MultiVAE, 0.0, 0.914
500, MultiVAE, 0.2, 0.876
500, MultiVAE, 0.4, 0.876
500, MultiVAE, 0.6, 0.924
504, MultiVAE, 0.0, 0.876
504, MultiVAE, 0.2, 0.895
500, MultiVAE, 0.8, 1.000
504, MultiVAE, 0.4, 0.829
500, MultiVAE, 1.0, 0.962
504, MultiVAE, 0.6, 0.943
504, MultiVAE, 0.8, 0.943
504, MultiVAE, 1.0, 0.971
501, MF, 0.0, 0.943
501, MF, 0.2, 0.886
501, MF, 0.4, 0.876
501, MF, 0.6, 0.895
501, MF, 0.8, 1.000
501, MF, 1.0, 1.000
501, MultiVAE, 0.0, 0.943
501, MultiVAE, 0.2, 0.895
501, MultiVAE, 0.4, 0.924
501, MultiVAE, 0.6, 0.981
501, MultiVAE, 0.8, 0.981
501, MultiVAE, 1.0, 0.971
503, MF, 0.0, 0.933
503, MF, 0.2, 0.876
503, MF, 0.4, 0.867
503, MF, 0.6, 0.952
503, MF, 0.8, 0.971
503, MF, 1.0, 1.000
502, MultiVAE, 0.0, 0.952
502, MultiVAE, 0.2, 0.790
502, MultiVAE, 0.4, 0.876
502, MultiVAE, 0.6, 0.933
502, MultiVAE, 0.8, 0.962
502, MultiVAE, 1.0, 1.000
504, MF, 0.0, 0.876
504, MF, 0.2, 0.886
504, MF, 0.4, 0.848
504, MF, 0.6, 0.933
504, MF, 0.8, 0.981
504, MF, 1.0, 1.000
503, MultiVAE, 0.0, 0.933
503, MultiVAE, 0.2, 0.905
503, MultiVAE, 0.4, 0.933
503, MultiVAE, 0.6, 0.943
503, MultiVAE, 0.8, 0.952
503, MultiVAE, 1.0, 0.971
